﻿Afghanistan,0-10 years,1
Afghanistan,11-20 years,3
Afghanistan,21-30 years,10
Afghanistan,31-40 years,8
Afghanistan,41-50 years,7
Afghanistan,51-60 years,9
Afghanistan,61-70 years,12
Afghanistan,71-80 years,5
Afghanistan,81+ years,1
Albania,0-10 years,14
Albania,11-20 years,39
Albania,21-30 years,87
Albania,31-40 years,96
Albania,41-50 years,57
Albania,51-60 years,51
Albania,61-70 years,23
Albania,71-80 years,5
Albania,81+ years,4
Algeria,0-10 years,1
Algeria,11-20 years,2
Algeria,21-30 years,3
Algeria,31-40 years,2
Algeria,41-50 years,7
Algeria,51-60 years,120
Algeria,61-70 years,167
Algeria,71-80 years,155
Algeria,81+ years,107
Andorra,0-10 years,42
Andorra,11-20 years,9
Andorra,21-30 years,4
Andorra,31-40 years,3
Andorra,41-50 years,6
Andorra,51-60 years,12
Andorra,61-70 years,13
Andorra,71-80 years,13
Andorra,81+ years,27
Angola,0-10 years,14
Angola,11-20 years,8
Angola,21-30 years,3
Angola,31-40 years,15
Angola,41-50 years,23
Angola,51-60 years,64
Angola,61-70 years,44
Angola,71-80 years,42
Angola,81+ years,33
Antigua and Barbuda,0-10 years,21
Antigua and Barbuda,11-20 years,9
Antigua and Barbuda,21-30 years,2
Antigua and Barbuda,31-40 years,1
Antigua and Barbuda,41-50 years,1
Antigua and Barbuda,51-60 years,6
Antigua and Barbuda,61-70 years,4
Antigua and Barbuda,71-80 years,3
Antigua and Barbuda,81+ years,3
Argentina,0-10 years,1
Argentina,11-20 years,5
Argentina,21-30 years,3
Argentina,31-40 years,5
Argentina,41-50 years,6
Argentina,51-60 years,8
Argentina,61-70 years,5
Argentina,71-80 years,2
Argentina,81+ years,1
Armenia,0-10 years,2
Armenia,11-20 years,4
Armenia,21-30 years,5
Armenia,31-40 years,6
Armenia,41-50 years,5
Armenia,51-60 years,3
Armenia,61-70 years,3
Armenia,71-80 years,1
Armenia,81+ years,2
Australia,0-10 years,2
Australia,11-20 years,3
Australia,21-30 years,3
Australia,31-40 years,2
Australia,41-50 years,3
Australia,51-60 years,3
Australia,61-70 years,9
Australia,71-80 years,17
Australia,81+ years,36
Austria,0-10 years,24
Austria,11-20 years,16
Austria,21-30 years,23
Austria,31-40 years,15
Austria,41-50 years,8
Austria,51-60 years,4
Austria,61-70 years,1
Austria,71-80 years,3
Austria,81+ years,2
Azerbaijan,0-10 years,2
Azerbaijan,11-20 years,3
Azerbaijan,21-30 years,1
Azerbaijan,31-40 years,2
Azerbaijan,41-50 years,3
Azerbaijan,51-60 years,1
Azerbaijan,61-70 years,1
Azerbaijan,71-80 years,6
Azerbaijan,81+ years,1
Bahamas,0-10 years,1
Bahamas,11-20 years,1
Bahamas,21-30 years,3
Bahamas,31-40 years,1
Bahamas,41-50 years,4
Bahamas,51-60 years,3
Bahamas,61-70 years,3
Bahamas,71-80 years,7
Bahamas,81+ years,1
Bahrain,0-10 years,3
Bahrain,11-20 years,4
Bahrain,21-30 years,1
Bahrain,31-40 years,2
Bahrain,41-50 years,11
Bahrain,51-60 years,17
Bahrain,61-70 years,24
Bahrain,71-80 years,9
Bahrain,81+ years,15
Bangladesh,0-10 years,8
Bangladesh,11-20 years,4
Bangladesh,21-30 years,1
Bangladesh,31-40 years,0
Bangladesh,41-50 years,2
Bangladesh,51-60 years,2
Bangladesh,61-70 years,3
Bangladesh,71-80 years,2
Bangladesh,81+ years,7
Barbados,0-10 years,6
Barbados,11-20 years,8
Barbados,21-30 years,30
Barbados,31-40 years,20
Barbados,41-50 years,17
Barbados,51-60 years,19
Barbados,61-70 years,11
Barbados,71-80 years,18
Barbados,81+ years,312
Belarus,0-10 years,577
Belarus,11-20 years,1540
Belarus,21-30 years,1368
Belarus,31-40 years,1030
Belarus,41-50 years,762
Belarus,51-60 years,432
Belarus,61-70 years,211
Belarus,71-80 years,130
Belarus,81+ years,5
Belgium,0-10 years,3
Belgium,11-20 years,2
Belgium,21-30 years,4
Belgium,31-40 years,2
Belgium,41-50 years,2
Belgium,51-60 years,1
Belgium,61-70 years,2
Belgium,71-80 years,7
Belgium,81+ years,8
Belize,0-10 years,6
Belize,11-20 years,6
Belize,21-30 years,8
Belize,31-40 years,4
Belize,41-50 years,1
Belize,51-60 years,10
Belize,61-70 years,30
Belize,71-80 years,23
Belize,81+ years,22
Benin,0-10 years,21
Benin,11-20 years,15
Benin,21-30 years,8
Benin,31-40 years,1
Benin,41-50 years,3
Benin,51-60 years,5
Benin,61-70 years,26
Benin,71-80 years,7
Benin,81+ years,12
Bhutan,0-10 years,12
Bhutan,11-20 years,9
Bhutan,21-30 years,1
Bhutan,31-40 years,2
Bhutan,41-50 years,1
Bhutan,51-60 years,29
Bhutan,61-70 years,33
Bhutan,71-80 years,18
Bhutan,81+ years,21
Bolivia,0-10 years,35
Bolivia,11-20 years,21
Bolivia,21-30 years,5
Bolivia,31-40 years,2
Bolivia,41-50 years,2
Bolivia,51-60 years,1
Bolivia,61-70 years,2
Bolivia,71-80 years,2
Bolivia,81+ years,1
Bosnia and Herzegovina,0-10 years,3
Bosnia and Herzegovina,11-20 years,3
Bosnia and Herzegovina,21-30 years,2
Bosnia and Herzegovina,31-40 years,3
Bosnia and Herzegovina,41-50 years,4
Bosnia and Herzegovina,51-60 years,9
Bosnia and Herzegovina,61-70 years,6
Bosnia and Herzegovina,71-80 years,7
Bosnia and Herzegovina,81+ years,12
Botswana,0-10 years,9
Botswana,11-20 years,4
Botswana,21-30 years,2
Botswana,31-40 years,8
Botswana,41-50 years,9
Botswana,51-60 years,6
Botswana,61-70 years,15
Botswana,71-80 years,12
Botswana,81+ years,6
Brazil,0-10 years,2
Brazil,11-20 years,4
Brazil,21-30 years,3
Brazil,31-40 years,3
Brazil,41-50 years,4
Brazil,51-60 years,5
Brazil,61-70 years,4
Brazil,71-80 years,2
Brazil,81+ years,1
Brunei,0-10 years,3
Brunei,11-20 years,1
Brunei,21-30 years,2
Brunei,31-40 years,1
Brunei,41-50 years,7
Brunei,51-60 years,1
Brunei,61-70 years,1
Brunei,71-80 years,3
Brunei,81+ years,11
Bulgaria,0-10 years,5
Bulgaria,11-20 years,13
Bulgaria,21-30 years,7
Bulgaria,31-40 years,7
Bulgaria,41-50 years,5
Bulgaria,51-60 years,2
Bulgaria,61-70 years,3
Bulgaria,71-80 years,9
Bulgaria,81+ years,8
Burkina Faso,0-10 years,5
Burkina Faso,11-20 years,2
Burkina Faso,21-30 years,3
Burkina Faso,31-40 years,2
Burkina Faso,41-50 years,7
Burkina Faso,51-60 years,14
Burkina Faso,61-70 years,11
Burkina Faso,71-80 years,20
Burkina Faso,81+ years,6
Burundi,0-10 years,7
Burundi,11-20 years,2
Burundi,21-30 years,151
Burundi,31-40 years,181
Burundi,41-50 years,306
Burundi,51-60 years,344
Burundi,61-70 years,188
Burundi,71-80 years,142
Burundi,81+ years,74
Cote d'Ivoire,0-10 years,27
Cote d'Ivoire,11-20 years,15
Cote d'Ivoire,21-30 years,1
Cote d'Ivoire,31-40 years,1
Cote d'Ivoire,41-50 years,9
Cote d'Ivoire,51-60 years,37
Cote d'Ivoire,61-70 years,64
Cote d'Ivoire,71-80 years,59
Cote d'Ivoire,81+ years,24
Cabo Verde,0-10 years,17
Cabo Verde,11-20 years,3
Cabo Verde,21-30 years,1
Cabo Verde,31-40 years,2
Cabo Verde,41-50 years,4
Cabo Verde,51-60 years,5
Cabo Verde,61-70 years,3
Cabo Verde,71-80 years,1
Cabo Verde,81+ years,2
Cambodia,0-10 years,3
Cambodia,11-20 years,7
Cambodia,21-30 years,3
Cambodia,31-40 years,1
Cambodia,41-50 years,1
Cambodia,51-60 years,5
Cambodia,61-70 years,6
Cambodia,71-80 years,2
Cambodia,81+ years,2
Cameroon,0-10 years,7
Cameroon,11-20 years,7
Cameroon,21-30 years,3
Cameroon,31-40 years,1
Cameroon,41-50 years,2
Cameroon,51-60 years,2
Cameroon,61-70 years,6
Cameroon,71-80 years,8
Cameroon,81+ years,9
Canada,0-10 years,4
Canada,11-20 years,3
Canada,21-30 years,2
Canada,31-40 years,2
Canada,41-50 years,2
Canada,51-60 years,5
Canada,61-70 years,3
Canada,71-80 years,3
Canada,81+ years,1
Central African Republic,0-10 years,4
Central African Republic,11-20 years,1
Central African Republic,21-30 years,6
Central African Republic,31-40 years,3
Central African Republic,41-50 years,6
Central African Republic,51-60 years,2
Central African Republic,61-70 years,1
Central African Republic,71-80 years,10
Central African Republic,81+ years,4
Chad,0-10 years,8
Chad,11-20 years,15
Chad,21-30 years,16
Chad,31-40 years,15
Chad,41-50 years,2
Chad,51-60 years,1
Chad,61-70 years,2
Chad,71-80 years,2
Chad,81+ years,1
Chile,0-10 years,1
Chile,11-20 years,2
Chile,21-30 years,1
Chile,31-40 years,3
Chile,41-50 years,2
Chile,51-60 years,2
Chile,61-70 years,5
Chile,71-80 years,2
Chile,81+ years,2
China,0-10 years,1
China,11-20 years,1
China,21-30 years,3
China,31-40 years,3
China,41-50 years,3
China,51-60 years,7
China,61-70 years,1
China,71-80 years,1
China,81+ years,3
Colombia,0-10 years,2
Colombia,11-20 years,5
Colombia,21-30 years,4
Colombia,31-40 years,5
Colombia,41-50 years,10
Colombia,51-60 years,5
Colombia,61-70 years,1
Colombia,71-80 years,1
Comoros,81+ years,1
Comoros,0-10 years,3
Comoros,11-20 years,4
Comoros,21-30 years,4
Comoros,31-40 years,5
Comoros,41-50 years,6
Comoros,51-60 years,1
Comoros,61-70 years,24
Comoros,71-80 years,65
Comoros,81+ years,111
Congo,0-10 years,89
Congo,11-20 years,75
Congo,21-30 years,79
Congo,31-40 years,47
Congo,41-50 years,17
Congo,51-60 years,12
Congo,61-70 years,12
Congo,71-80 years,199
Congo,81+ years,198
Costa Rica,0-10 years,183
Costa Rica,11-20 years,69
Costa Rica,21-30 years,27
Costa Rica,31-40 years,1
Costa Rica,41-50 years,6
Costa Rica,51-60 years,7
Costa Rica,61-70 years,8
Costa Rica,71-80 years,10
Costa Rica,81+ years,9
Croatia,0-10 years,12
Croatia,11-20 years,5
Croatia,21-30 years,3
Croatia,31-40 years,2
Croatia,41-50 years,1
Croatia,51-60 years,15
Croatia,61-70 years,6
Croatia,71-80 years,8
Croatia,81+ years,10
Cuba,0-10 years,6
Cuba,11-20 years,7
Cuba,21-30 years,2
Cuba,31-40 years,2
Cuba,41-50 years,2
Cuba,51-60 years,1
Cuba,61-70 years,2
Cuba,71-80 years,5
Cuba,81+ years,3
Cyprus,0-10 years,3
Cyprus,11-20 years,10
Cyprus,21-30 years,10
Cyprus,31-40 years,7
Cyprus,41-50 years,1
Cyprus,51-60 years,1
Cyprus,61-70 years,9
Cyprus,71-80 years,16
Cyprus,81+ years,37
Czechia,0-10 years,38
Czechia,11-20 years,26
Czechia,21-30 years,26
Czechia,31-40 years,15
Czechia,41-50 years,7
Czechia,51-60 years,18
Czechia,61-70 years,26
Czechia,71-80 years,41
Czechia,81+ years,37
Democratic Republic of the Congo,0-10 years,24
Democratic Republic of the Congo,11-20 years,17
Democratic Republic of the Congo,21-30 years,20
Democratic Republic of the Congo,31-40 years,2
Democratic Republic of the Congo,41-50 years,4
Democratic Republic of the Congo,51-60 years,1
Democratic Republic of the Congo,61-70 years,12
Democratic Republic of the Congo,71-80 years,24
Democratic Republic of the Congo,81+ years,25
Denmark,0-10 years,35
Denmark,11-20 years,47
Denmark,21-30 years,22
Denmark,31-40 years,11
Denmark,41-50 years,4
Denmark,51-60 years,1
Denmark,61-70 years,1
Denmark,71-80 years,2
Denmark,81+ years,5
Djibouti,0-10 years,8
Djibouti,11-20 years,11
Djibouti,21-30 years,8
Djibouti,31-40 years,10
Djibouti,41-50 years,1
Djibouti,51-60 years,1
Djibouti,61-70 years,5
Djibouti,71-80 years,9
Djibouti,81+ years,2
Dominica,0-10 years,12
Dominica,11-20 years,4
Dominica,21-30 years,1
Dominica,31-40 years,5
Dominica,41-50 years,1
Dominica,51-60 years,8
Dominica,61-70 years,17
Dominica,71-80 years,23
Dominica,81+ years,33
Dominican Republic,0-10 years,21
Dominican Republic,11-20 years,28
Dominican Republic,21-30 years,11
Dominican Republic,31-40 years,4
Dominican Republic,41-50 years,2
Dominican Republic,51-60 years,5
Dominican Republic,61-70 years,9
Dominican Republic,71-80 years,11
Dominican Republic,81+ years,10
Ecuador,0-10 years,17
Ecuador,11-20 years,24
Ecuador,21-30 years,23
Ecuador,31-40 years,29
Ecuador,41-50 years,34
Ecuador,51-60 years,4
Ecuador,61-70 years,2
Ecuador,71-80 years,3
Ecuador,81+ years,5
Egypt,0-10 years,6
Egypt,11-20 years,6
Egypt,21-30 years,2
Egypt,31-40 years,6
Egypt,41-50 years,1
Egypt,51-60 years,6
Egypt,61-70 years,7
Egypt,71-80 years,5
Egypt,81+ years,1
El Salvador,0-10 years,1
El Salvador,11-20 years,11
El Salvador,21-30 years,4
El Salvador,31-40 years,10
El Salvador,41-50 years,11
El Salvador,51-60 years,10
El Salvador,61-70 years,12
El Salvador,71-80 years,7
El Salvador,81+ years,7
Equatorial Guinea,0-10 years,3
Equatorial Guinea,11-20 years,13
Equatorial Guinea,21-30 years,26
Equatorial Guinea,31-40 years,85
Equatorial Guinea,41-50 years,70
Equatorial Guinea,51-60 years,49
Equatorial Guinea,61-70 years,44
Equatorial Guinea,71-80 years,20
Equatorial Guinea,81+ years,8
Eritrea,0-10 years,3
Eritrea,11-20 years,1
Eritrea,21-30 years,1
Eritrea,31-40 years,1
Eritrea,41-50 years,1
Eritrea,51-60 years,1
Eritrea,61-70 years,1
Eritrea,71-80 years,4
Eritrea,81+ years,4
Estonia,0-10 years,3
Estonia,11-20 years,6
Estonia,21-30 years,2
Estonia,31-40 years,2
Estonia,41-50 years,5
Estonia,51-60 years,9
Estonia,61-70 years,8
Estonia,71-80 years,13
Estonia,81+ years,5
Eswatini,0-10 years,3
Eswatini,11-20 years,7
Eswatini,21-30 years,1
Eswatini,31-40 years,3
Eswatini,41-50 years,17
Eswatini,51-60 years,4
Eswatini,61-70 years,5
Eswatini,71-80 years,2
Eswatini,81+ years,3
Ethiopia,0-10 years,2
Ethiopia,11-20 years,1
Ethiopia,21-30 years,1
Ethiopia,31-40 years,4
Ethiopia,41-50 years,5
Ethiopia,51-60 years,7
Ethiopia,61-70 years,1
Ethiopia,71-80 years,5
Ethiopia,81+ years,1
Fiji,0-10 years,2
Fiji,11-20 years,1
Fiji,21-30 years,1
Fiji,31-40 years,1
Fiji,41-50 years,8
Fiji,51-60 years,1
Fiji,61-70 years,4
Fiji,71-80 years,7
Fiji,81+ years,2
Finland,0-10 years,2
Finland,11-20 years,1
Finland,21-30 years,67
Finland,31-40 years,101
Finland,41-50 years,119
Finland,51-60 years,95
Finland,61-70 years,74
Finland,71-80 years,54
Finland,81+ years,29
France,0-10 years,30
France,11-20 years,18
France,21-30 years,6
France,31-40 years,23
France,41-50 years,99
France,51-60 years,63
France,61-70 years,18
France,71-80 years,9
France,81+ years,3
Gabon,0-10 years,1
Gabon,11-20 years,0
Gabon,21-30 years,1
Gabon,31-40 years,3
Gabon,41-50 years,2
Gabon,51-60 years,4
Gabon,61-70 years,5
Gabon,71-80 years,4
Gabon,81+ years,4
Gambia,0-10 years,25
Gambia,11-20 years,74
Gambia,21-30 years,103
Gambia,31-40 years,138
Gambia,41-50 years,111
Gambia,51-60 years,76
Gambia,61-70 years,39
Gambia,71-80 years,11
Gambia,81+ years,20
Georgia,0-10 years,97
Georgia,11-20 years,152
Georgia,21-30 years,347
Georgia,31-40 years,332
Georgia,41-50 years,333
Georgia,51-60 years,212
Georgia,61-70 years,101
Georgia,71-80 years,36
Georgia,81+ years,37
Germany,0-10 years,1
Germany,11-20 years,4
Germany,21-30 years,3
Germany,31-40 years,4
Germany,41-50 years,1
Germany,51-60 years,3
Germany,61-70 years,3
Germany,71-80 years,1
Germany,81+ years,5
Ghana,0-10 years,3
Ghana,11-20 years,2
Ghana,21-30 years,3
Ghana,31-40 years,1
Ghana,41-50 years,14
Ghana,51-60 years,18
Ghana,61-70 years,39
Ghana,71-80 years,40
Ghana,81+ years,37
Greece,0-10 years,23
Greece,11-20 years,9
Greece,21-30 years,10
Greece,31-40 years,230
Greece,41-50 years,596
Greece,51-60 years,1267
Greece,61-70 years,1244
Greece,71-80 years,1038
Greece,81+ years,942
Grenada,0-10 years,631
Grenada,11-20 years,287
Grenada,21-30 years,202
Grenada,31-40 years,1
Grenada,41-50 years,5
Grenada,51-60 years,9
Grenada,61-70 years,5
Grenada,71-80 years,7
Grenada,81+ years,5
Guatemala,0-10 years,7
Guatemala,11-20 years,1
Guatemala,21-30 years,4
Guatemala,31-40 years,1
Guatemala,41-50 years,3
Guatemala,51-60 years,3
Guatemala,61-70 years,2
Guatemala,71-80 years,2
Guatemala,81+ years,1
Guinea,0-10 years,7
Guinea,11-20 years,10
Guinea,21-30 years,16
Guinea,31-40 years,14
Guinea,41-50 years,11
Guinea,51-60 years,5
Guinea,61-70 years,1
Guinea,71-80 years,27
Guinea,81+ years,86
Guinea-Bissau,0-10 years,156
Guinea-Bissau,11-20 years,177
Guinea-Bissau,21-30 years,168
Guinea-Bissau,31-40 years,162
Guinea-Bissau,41-50 years,100
Guinea-Bissau,51-60 years,82
Guinea-Bissau,61-70 years,87
Guinea-Bissau,71-80 years,6
Guinea-Bissau,81+ years,1
Guyana,0-10 years,18
Guyana,11-20 years,116
Guyana,21-30 years,135
Guyana,31-40 years,87
Guyana,41-50 years,48
Guyana,51-60 years,17
Guyana,61-70 years,6
Guyana,71-80 years,3
Guyana,81+ years,64
Haiti,0-10 years,5
Haiti,11-20 years,16
Haiti,21-30 years,345
Haiti,31-40 years,442
Haiti,41-50 years,339
Haiti,51-60 years,205
Haiti,61-70 years,71
Haiti,71-80 years,16
Haiti,81+ years,2
Holy See,0-10 years,14
Holy See,11-20 years,2
Holy See,21-30 years,13
Holy See,31-40 years,13
Holy See,41-50 years,12
Holy See,51-60 years,8
Holy See,61-70 years,4
Holy See,71-80 years,1
Holy See,81+ years,1
Honduras,0-10 years,5
Honduras,11-20 years,1
Honduras,21-30 years,1
Honduras,31-40 years,2
Honduras,41-50 years,3
Honduras,51-60 years,5
Honduras,61-70 years,6
Honduras,71-80 years,5
Honduras,81+ years,9
Hungary,0-10 years,2
Hungary,11-20 years,2
Hungary,21-30 years,4
Hungary,31-40 years,11
Hungary,41-50 years,14
Hungary,51-60 years,13
Hungary,61-70 years,19
Hungary,71-80 years,13
Hungary,81+ years,4
Iceland,0-10 years,7
Iceland,11-20 years,2
Iceland,21-30 years,6
Iceland,31-40 years,16
Iceland,41-50 years,24
Iceland,51-60 years,10
Iceland,61-70 years,6
Iceland,71-80 years,1
Iceland,81+ years,1
India,0-10 years,4
India,11-20 years,11
India,21-30 years,4
India,31-40 years,4
India,41-50 years,1
India,51-60 years,2
India,61-70 years,1
India,71-80 years,1
India,81+ years,3
Indonesia,0-10 years,7
Indonesia,11-20 years,9
Indonesia,21-30 years,9
Indonesia,31-40 years,6
Indonesia,41-50 years,5
Indonesia,51-60 years,5
Indonesia,61-70 years,8
Indonesia,71-80 years,58
Indonesia,81+ years,111
Iran,0-10 years,118
Iran,11-20 years,121
Iran,21-30 years,134
Iran,31-40 years,57
Iran,41-50 years,38
Iran,51-60 years,22
Iran,61-70 years,15
Iran,71-80 years,38
Iran,81+ years,86
Iraq,0-10 years,97
Iraq,11-20 years,81
Iraq,21-30 years,84
Iraq,31-40 years,44
Iraq,41-50 years,30
Iraq,51-60 years,1
Iraq,61-70 years,3
Iraq,71-80 years,10
Iraq,81+ years,8
Ireland,0-10 years,6
Ireland,11-20 years,9
Ireland,21-30 years,13
Ireland,31-40 years,5
Ireland,41-50 years,1
Ireland,51-60 years,14
Ireland,61-70 years,39
Ireland,71-80 years,88
Ireland,81+ years,96
Israel,0-10 years,57
Israel,11-20 years,52
Israel,21-30 years,23
Israel,31-40 years,5
Israel,41-50 years,4
Israel,51-60 years,1
Israel,61-70 years,2
Israel,71-80 years,3
Israel,81+ years,2
Italy,0-10 years,7
Italy,11-20 years,120
Italy,21-30 years,167
Italy,31-40 years,155
Italy,41-50 years,107
Italy,51-60 years,42
Italy,61-70 years,9
Italy,71-80 years,4
Italy,81+ years,3
Jamaica,0-10 years,3
Jamaica,11-20 years,5
Jamaica,21-30 years,12
Jamaica,31-40 years,14
Jamaica,41-50 years,13
Jamaica,51-60 years,27
Jamaica,61-70 years,14
Jamaica,71-80 years,8
Jamaica,81+ years,3
Japan,0-10 years,15
Japan,11-20 years,26
Japan,21-30 years,66
Japan,31-40 years,45
Japan,41-50 years,45
Japan,51-60 years,34
Japan,61-70 years,23
Japan,71-80 years,9
Japan,81+ years,2
Jordan,0-10 years,0
Jordan,11-20 years,2
Jordan,21-30 years,1
Jordan,31-40 years,7
Jordan,41-50 years,4
Jordan,51-60 years,3
Jordan,61-70 years,3
Jordan,71-80 years,1
Jordan,81+ years,5
Kazakhstan,0-10 years,3
Kazakhstan,11-20 years,5
Kazakhstan,21-30 years,6
Kazakhstan,31-40 years,8
Kazakhstan,41-50 years,5
Kazakhstan,51-60 years,2
Kazakhstan,61-70 years,1
Kazakhstan,71-80 years,2
Kazakhstan,81+ years,4
Kenya,0-10 years,5
Kenya,11-20 years,6
Kenya,21-30 years,6
Kenya,31-40 years,4
Kenya,41-50 years,3
Kenya,51-60 years,1
Kenya,61-70 years,2
Kenya,71-80 years,2
Kenya,81+ years,3
Kiribati,0-10 years,3
Kiribati,11-20 years,2
Kiribati,21-30 years,3
Kiribati,31-40 years,3
Kiribati,41-50 years,9
Kiribati,51-60 years,18
Kiribati,61-70 years,36
Kiribati,71-80 years,24
Kiribati,81+ years,16
Kuwait,0-10 years,23
Kuwait,11-20 years,15
Kuwait,21-30 years,8
Kuwait,31-40 years,4
Kuwait,41-50 years,1
Kuwait,51-60 years,3
Kuwait,61-70 years,2
Kuwait,71-80 years,2
Kuwait,81+ years,3
Kyrgyzstan,0-10 years,1
Kyrgyzstan,11-20 years,2
Kyrgyzstan,21-30 years,3
Kyrgyzstan,31-40 years,1
Kyrgyzstan,41-50 years,1
Kyrgyzstan,51-60 years,6
Kyrgyzstan,61-70 years,1
Kyrgyzstan,71-80 years,1
Kyrgyzstan,81+ years,1
Laos,0-10 years,3
Laos,11-20 years,1
Laos,21-30 years,4
Laos,31-40 years,1
Laos,41-50 years,1
Laos,51-60 years,3
Laos,61-70 years,3
Laos,71-80 years,7
Laos,81+ years,1
Latvia,0-10 years,3
Latvia,11-20 years,4
Latvia,21-30 years,1
Latvia,31-40 years,2
Latvia,41-50 years,11
Latvia,51-60 years,19
Latvia,61-70 years,24
Latvia,71-80 years,9
Latvia,81+ years,15
Lebanon,0-10 years,8
Lebanon,11-20 years,4
Lebanon,21-30 years,1
Lebanon,31-40 years,0
Lebanon,41-50 years,2
Lebanon,51-60 years,2
Lebanon,61-70 years,3
Lebanon,71-80 years,2
Lebanon,81+ years,7
Lesotho,0-10 years,6
Lesotho,11-20 years,8
Lesotho,21-30 years,30
Lesotho,31-40 years,21
Lesotho,41-50 years,17
Lesotho,51-60 years,19
Lesotho,61-70 years,11
Lesotho,71-80 years,18
Lesotho,81+ years,329
Liberia,0-10 years,604
Liberia,11-20 years,1618
Liberia,21-30 years,1434
Liberia,31-40 years,1091
Liberia,41-50 years,791
Liberia,51-60 years,447
Liberia,61-70 years,219
Liberia,71-80 years,133
Liberia,81+ years,5
Libya,0-10 years,3
Libya,11-20 years,2
Libya,21-30 years,4
Libya,31-40 years,2
Libya,41-50 years,2
Libya,51-60 years,1
Libya,61-70 years,2
Libya,71-80 years,7
Libya,81+ years,8
Liechtenstein,0-10 years,6
Liechtenstein,11-20 years,6
Liechtenstein,21-30 years,8
Liechtenstein,31-40 years,4
Liechtenstein,41-50 years,1
Liechtenstein,51-60 years,10
Liechtenstein,61-70 years,32
Liechtenstein,71-80 years,23
Liechtenstein,81+ years,22
Lithuania,0-10 years,22
Lithuania,11-20 years,16
Lithuania,21-30 years,8
Lithuania,31-40 years,1
Lithuania,41-50 years,5
Lithuania,51-60 years,7
Lithuania,61-70 years,28
Lithuania,71-80 years,9
Lithuania,81+ years,13
Luxembourg,0-10 years,12
Luxembourg,11-20 years,9
Luxembourg,21-30 years,1
Luxembourg,31-40 years,2
Luxembourg,41-50 years,1
Luxembourg,51-60 years,29
Luxembourg,61-70 years,35
Luxembourg,71-80 years,19
Luxembourg,81+ years,22
Madagascar,0-10 years,36
Madagascar,11-20 years,21
Madagascar,21-30 years,5
Madagascar,31-40 years,2
Madagascar,41-50 years,2
Madagascar,51-60 years,1
Madagascar,61-70 years,2
Madagascar,71-80 years,2
Madagascar,81+ years,1
Malawi,0-10 years,3
Malawi,11-20 years,3
Malawi,21-30 years,3
Malawi,31-40 years,4
Malawi,41-50 years,4
Malawi,51-60 years,10
Malawi,61-70 years,6
Malawi,71-80 years,8
Malawi,81+ years,12
Malaysia,0-10 years,10
Malaysia,11-20 years,4
Malaysia,21-30 years,2
Malaysia,31-40 years,8
Malaysia,41-50 years,9
Malaysia,51-60 years,6
Malaysia,61-70 years,15
Malaysia,71-80 years,12
Malaysia,81+ years,6
Maldives,0-10 years,2
Maldives,11-20 years,4
Maldives,21-30 years,3
Maldives,31-40 years,3
Maldives,41-50 years,5
Maldives,51-60 years,5
Maldives,61-70 years,4
Maldives,71-80 years,2
Maldives,81+ years,1
Mali,0-10 years,3
Mali,11-20 years,1
Mali,21-30 years,3
Mali,31-40 years,1
Mali,41-50 years,7
Mali,51-60 years,1
Mali,61-70 years,1
Mali,71-80 years,3
Mali,81+ years,11
Malta,0-10 years,5
Malta,11-20 years,13
Malta,21-30 years,7
Malta,31-40 years,7
Malta,41-50 years,5
Malta,51-60 years,2
Malta,61-70 years,3
Malta,71-80 years,1
Malta,81+ years,9
Marshall Islands,0-10 years,8
Marshall Islands,11-20 years,5
Marshall Islands,21-30 years,2
Marshall Islands,31-40 years,3
Marshall Islands,41-50 years,2
Marshall Islands,51-60 years,7
Marshall Islands,61-70 years,14
Marshall Islands,71-80 years,11
Marshall Islands,81+ years,20
Mauritania,0-10 years,6
Mauritania,11-20 years,6
Mauritania,21-30 years,2
Mauritania,31-40 years,1
Mauritania,41-50 years,168
Mauritania,51-60 years,205
Mauritania,61-70 years,352
Mauritania,71-80 years,393
Mauritania,81+ years,221
Mauritius,0-10 years,159
Mauritius,11-20 years,79
Mauritius,21-30 years,30
Mauritius,31-40 years,16
Mauritius,41-50 years,1
Mauritius,51-60 years,2
Mauritius,61-70 years,9
Mauritius,71-80 years,37
Mauritius,81+ years,64
Mexico,0-10 years,60
Mexico,11-20 years,24
Mexico,21-30 years,17
Mexico,31-40 years,3
Mexico,41-50 years,1
Mexico,51-60 years,2
Mexico,61-70 years,4
Mexico,71-80 years,5
Mexico,81+ years,5
Micronesia,0-10 years,1
Micronesia,11-20 years,3
Micronesia,21-30 years,3
Micronesia,31-40 years,7
Micronesia,41-50 years,3
Micronesia,51-60 years,1
Micronesia,61-70 years,1
Micronesia,71-80 years,5
Micronesia,81+ years,6
Moldova,0-10 years,2
Moldova,11-20 years,2
Moldova,21-30 years,7
Moldova,31-40 years,7
Moldova,41-50 years,3
Moldova,51-60 years,1
Moldova,61-70 years,2
Moldova,71-80 years,3
Moldova,81+ years,6
Monaco,0-10 years,8
Monaco,11-20 years,9
Monaco,21-30 years,4
Monaco,31-40 years,3
Monaco,41-50 years,1
Monaco,51-60 years,2
Monaco,61-70 years,2
Monaco,71-80 years,2
Monaco,81+ years,5
Mongolia,0-10 years,3
Mongolia,11-20 years,3
Mongolia,21-30 years,1
Mongolia,31-40 years,4
Mongolia,41-50 years,1
Mongolia,51-60 years,6
Mongolia,61-70 years,3
Mongolia,71-80 years,6
Mongolia,81+ years,2
Montenegro,0-10 years,1
Montenegro,11-20 years,11
Montenegro,21-30 years,4
Montenegro,31-40 years,8
Montenegro,41-50 years,15
Montenegro,51-60 years,16
Montenegro,61-70 years,15
Montenegro,71-80 years,2
Montenegro,81+ years,1
Morocco,0-10 years,2
Morocco,11-20 years,2
Morocco,21-30 years,1
Morocco,31-40 years,1
Morocco,41-50 years,2
Morocco,51-60 years,2
Morocco,61-70 years,3
Morocco,71-80 years,2
Morocco,81+ years,2
Mozambique,0-10 years,5
Mozambique,11-20 years,2
Mozambique,21-30 years,2
Mozambique,31-40 years,1
Mozambique,41-50 years,1
Mozambique,51-60 years,3
Mozambique,61-70 years,3
Mozambique,71-80 years,3
Mozambique,81+ years,8
Myanmar,0-10 years,1
Myanmar,11-20 years,1
Myanmar,21-30 years,3
Myanmar,31-40 years,2
Myanmar,41-50 years,5
Myanmar,51-60 years,4
Myanmar,61-70 years,7
Myanmar,71-80 years,11
Myanmar,81+ years,5
Namibia,0-10 years,1
Namibia,11-20 years,1
Namibia,21-30 years,1
Namibia,31-40 years,3
Namibia,41-50 years,4
Namibia,51-60 years,4
Namibia,61-70 years,5
Namibia,71-80 years,6
Namibia,81+ years,1
Nauru,0-10 years,25
Nauru,11-20 years,70
Nauru,21-30 years,118
Nauru,31-40 years,94
Nauru,41-50 years,82
Nauru,51-60 years,78
Nauru,61-70 years,48
Nauru,71-80 years,18
Nauru,81+ years,12
Nepal,0-10 years,12
Nepal,11-20 years,199
Nepal,21-30 years,197
Nepal,31-40 years,183
Nepal,41-50 years,69
Nepal,51-60 years,27
Nepal,61-70 years,1
Nepal,71-80 years,6
Nepal,81+ years,8
Netherlands,0-10 years,9
Netherlands,11-20 years,10
Netherlands,21-30 years,9
Netherlands,31-40 years,12
Netherlands,41-50 years,5
Netherlands,51-60 years,3
Netherlands,61-70 years,2
Netherlands,71-80 years,1
Netherlands,81+ years,17
New Zealand,0-10 years,8
New Zealand,11-20 years,8
New Zealand,21-30 years,10
New Zealand,31-40 years,6
New Zealand,41-50 years,7
New Zealand,51-60 years,5
New Zealand,61-70 years,2
New Zealand,71-80 years,2
New Zealand,81+ years,2
Nicaragua,0-10 years,3
Nicaragua,11-20 years,6
Nicaragua,21-30 years,4
Nicaragua,31-40 years,3
Nicaragua,41-50 years,12
Nicaragua,51-60 years,10
Nicaragua,61-70 years,7
Nicaragua,71-80 years,1
Nicaragua,81+ years,1
Niger,0-10 years,10
Niger,11-20 years,17
Niger,21-30 years,38
Niger,31-40 years,41
Niger,41-50 years,29
Niger,51-60 years,27
Niger,61-70 years,15
Niger,71-80 years,7
Niger,81+ years,22
Nigeria,0-10 years,26
Nigeria,11-20 years,48
Nigeria,21-30 years,38
Nigeria,31-40 years,25
Nigeria,41-50 years,19
Nigeria,51-60 years,20
Nigeria,61-70 years,2
Nigeria,71-80 years,4
Nigeria,81+ years,1
North Korea,0-10 years,12
North Korea,11-20 years,24
North Korea,21-30 years,25
North Korea,31-40 years,35
North Korea,41-50 years,48
North Korea,51-60 years,22
North Korea,61-70 years,12
North Korea,71-80 years,4
North Korea,81+ years,1
North Macedonia,0-10 years,1
North Macedonia,11-20 years,2
North Macedonia,21-30 years,6
North Macedonia,31-40 years,8
North Macedonia,41-50 years,11
North Macedonia,51-60 years,8
North Macedonia,61-70 years,10
North Macedonia,71-80 years,1
North Macedonia,81+ years,1
Norway,0-10 years,5
Norway,11-20 years,9
Norway,21-30 years,3
Norway,31-40 years,12
Norway,41-50 years,4
Norway,51-60 years,1
Norway,61-70 years,5
Norway,71-80 years,1
Norway,81+ years,8
Oman,0-10 years,18
Oman,11-20 years,24
Oman,21-30 years,35
Oman,31-40 years,21
Oman,41-50 years,29
Oman,51-60 years,11
Oman,61-70 years,4
Oman,71-80 years,2
Oman,81+ years,5
Pakistan,0-10 years,9
Pakistan,11-20 years,13
Pakistan,21-30 years,10
Pakistan,31-40 years,17
Pakistan,41-50 years,25
Pakistan,51-60 years,23
Pakistan,61-70 years,29
Pakistan,71-80 years,34
Pakistan,81+ years,4
Palau,0-10 years,3
Palau,11-20 years,3
Palau,21-30 years,5
Palau,31-40 years,6
Palau,41-50 years,6
Palau,51-60 years,2
Palau,61-70 years,6
Palau,71-80 years,1
Palau,81+ years,6
Palestine State,0-10 years,7
Palestine State,11-20 years,5
Palestine State,21-30 years,1
Palestine State,31-40 years,1
Palestine State,41-50 years,11
Palestine State,51-60 years,4
Palestine State,61-70 years,11
Palestine State,71-80 years,11
Palestine State,81+ years,10
Panama,0-10 years,12
Panama,11-20 years,7
Panama,21-30 years,7
Panama,31-40 years,3
Panama,41-50 years,13
Panama,51-60 years,27
Panama,61-70 years,87
Panama,71-80 years,72
Panama,81+ years,50
Papua New Guinea,0-10 years,48
Papua New Guinea,11-20 years,23
Papua New Guinea,21-30 years,8
Papua New Guinea,31-40 years,3
Papua New Guinea,41-50 years,1
Papua New Guinea,51-60 years,1
Papua New Guinea,61-70 years,1
Papua New Guinea,71-80 years,1
Papua New Guinea,81+ years,1
Paraguay,0-10 years,1
Paraguay,11-20 years,4
Paraguay,21-30 years,5
Paraguay,31-40 years,3
Paraguay,41-50 years,6
Paraguay,51-60 years,4
Paraguay,61-70 years,4
Paraguay,71-80 years,6
Paraguay,81+ years,9
Peru,0-10 years,8
Peru,11-20 years,13
Peru,21-30 years,5
Peru,31-40 years,3
Peru,41-50 years,7
Peru,51-60 years,1
Peru,61-70 years,3
Peru,71-80 years,17
Peru,81+ years,4
Philippines,0-10 years,5
Philippines,11-20 years,2
Philippines,21-30 years,3
Philippines,31-40 years,2
Philippines,41-50 years,1
Philippines,51-60 years,1
Philippines,61-70 years,4
Philippines,71-80 years,5
Philippines,81+ years,7
Poland,0-10 years,2
Poland,11-20 years,6
Poland,21-30 years,1
Poland,31-40 years,2
Poland,41-50 years,1
Poland,51-60 years,1
Poland,61-70 years,1
Poland,71-80 years,9
Poland,81+ years,1
Portugal,0-10 years,4
Portugal,11-20 years,7
Portugal,21-30 years,2
Portugal,31-40 years,2
Portugal,41-50 years,1
Portugal,51-60 years,67
Portugal,61-70 years,105
Portugal,71-80 years,119
Portugal,81+ years,100
Qatar,0-10 years,75
Qatar,11-20 years,57
Qatar,21-30 years,29
Qatar,31-40 years,30
Qatar,41-50 years,18
Qatar,51-60 years,6
Qatar,61-70 years,24
Qatar,71-80 years,101
Qatar,81+ years,66
Romania,0-10 years,20
Romania,11-20 years,11
Romania,21-30 years,3
Romania,31-40 years,1
Romania,41-50 years,0
Romania,51-60 years,1
Romania,61-70 years,3
Romania,71-80 years,2
Romania,81+ years,4
Russia,0-10 years,6
Russia,11-20 years,4
Russia,21-30 years,3
Russia,31-40 years,27
Russia,41-50 years,78
Russia,51-60 years,115
Russia,61-70 years,143
Russia,71-80 years,115
Russia,81+ years,78
Rwanda,0-10 years,43
Rwanda,11-20 years,11
Rwanda,21-30 years,22
Rwanda,31-40 years,99
Rwanda,41-50 years,161
Rwanda,51-60 years,359
Rwanda,61-70 years,343
Rwanda,71-80 years,344
Rwanda,81+ years,225
Saint Kitts and Nevis,0-10 years,107
Saint Kitts and Nevis,11-20 years,38
Saint Kitts and Nevis,21-30 years,37
Saint Kitts and Nevis,31-40 years,1
Saint Kitts and Nevis,41-50 years,4
Saint Kitts and Nevis,51-60 years,3
Saint Kitts and Nevis,61-70 years,4
Saint Kitts and Nevis,71-80 years,1
Saint Kitts and Nevis,81+ years,3
Saint Lucia,0-10 years,3
Saint Lucia,11-20 years,1
Saint Lucia,21-30 years,5
Saint Lucia,31-40 years,3
Saint Lucia,41-50 years,2
Saint Lucia,51-60 years,4
Saint Lucia,61-70 years,1
Saint Lucia,71-80 years,19
Saint Lucia,81+ years,21
Saint Vincent and the Grenadines,0-10 years,46
Saint Vincent and the Grenadines,11-20 years,47
Saint Vincent and the Grenadines,21-30 years,41
Saint Vincent and the Grenadines,31-40 years,24
Saint Vincent and the Grenadines,41-50 years,9
Saint Vincent and the Grenadines,51-60 years,10
Saint Vincent and the Grenadines,61-70 years,253
Saint Vincent and the Grenadines,71-80 years,628
Saint Vincent and the Grenadines,81+ years,1334
Samoa,0-10 years,1318
Samoa,11-20 years,1084
Samoa,21-30 years,988
Samoa,31-40 years,651
Samoa,41-50 years,300
Samoa,51-60 years,202
Samoa,61-70 years,1
Samoa,71-80 years,5
Samoa,81+ years,10
San Marino,0-10 years,5
San Marino,11-20 years,7
San Marino,21-30 years,5
San Marino,31-40 years,7
San Marino,41-50 years,1
San Marino,51-60 years,5
San Marino,61-70 years,1
San Marino,71-80 years,3
San Marino,81+ years,4
Sao Tome and Principe,0-10 years,2
Sao Tome and Principe,11-20 years,2
Sao Tome and Principe,21-30 years,1
Sao Tome and Principe,31-40 years,6
Sao Tome and Principe,41-50 years,11
Sao Tome and Principe,51-60 years,16
Sao Tome and Principe,61-70 years,14
Sao Tome and Principe,71-80 years,11
Sao Tome and Principe,81+ years,5
Saudi Arabia,0-10 years,1
Saudi Arabia,11-20 years,26
Saudi Arabia,21-30 years,88
Saudi Arabia,31-40 years,162
Saudi Arabia,41-50 years,183
Saudi Arabia,51-60 years,173
Saudi Arabia,61-70 years,166
Saudi Arabia,71-80 years,101
Saudi Arabia,81+ years,87
Senegal,0-10 years,88
Senegal,11-20 years,6
Senegal,21-30 years,1
Senegal,31-40 years,22
Senegal,41-50 years,134
Senegal,51-60 years,155
Senegal,61-70 years,97
Senegal,71-80 years,50
Senegal,81+ years,19
Serbia,0-10 years,7
Serbia,11-20 years,3
Serbia,21-30 years,19
Serbia,31-40 years,5
Serbia,41-50 years,15
Serbia,51-60 years,345
Serbia,61-70 years,442
Serbia,71-80 years,339
Serbia,81+ years,205
Seychelles,0-10 years,70
Seychelles,11-20 years,16
Seychelles,21-30 years,2
Seychelles,31-40 years,14
Seychelles,41-50 years,2
Seychelles,51-60 years,13
Seychelles,61-70 years,13
Seychelles,71-80 years,13
Seychelles,81+ years,8
Sierra Leone,0-10 years,4
Sierra Leone,11-20 years,1
Sierra Leone,21-30 years,1
Sierra Leone,31-40 years,6
Sierra Leone,41-50 years,1
Sierra Leone,51-60 years,1
Sierra Leone,61-70 years,2
Sierra Leone,71-80 years,3
Sierra Leone,81+ years,6
Singapore,0-10 years,6
Singapore,11-20 years,5
Singapore,21-30 years,9
Singapore,31-40 years,2
Singapore,41-50 years,2
Singapore,51-60 years,4
Singapore,61-70 years,11
Singapore,71-80 years,16
Singapore,81+ years,13
Slovakia,0-10 years,19
Slovakia,11-20 years,13
Slovakia,21-30 years,4
Slovakia,31-40 years,7
Slovakia,41-50 years,2
Slovakia,51-60 years,6
Slovakia,61-70 years,16
Slovakia,71-80 years,24
Slovakia,81+ years,10
Slovenia,0-10 years,6
Slovenia,11-20 years,1
Slovenia,21-30 years,1
Slovenia,31-40 years,4
Slovenia,41-50 years,12
Slovenia,51-60 years,4
Slovenia,61-70 years,4
Slovenia,71-80 years,1
Slovenia,81+ years,3
Solomon Islands,0-10 years,1
Solomon Islands,11-20 years,1
Solomon Islands,21-30 years,3
Solomon Islands,31-40 years,9
Solomon Islands,41-50 years,9
Solomon Islands,51-60 years,9
Solomon Islands,61-70 years,6
Solomon Islands,71-80 years,5
Solomon Islands,81+ years,5
Somalia,0-10 years,9
Somalia,11-20 years,62
Somalia,21-30 years,116
Somalia,31-40 years,120
Somalia,41-50 years,121
Somalia,51-60 years,137
Somalia,61-70 years,58
Somalia,71-80 years,38
Somalia,81+ years,22
South Africa,0-10 years,16
South Africa,11-20 years,38
South Africa,21-30 years,86
South Africa,31-40 years,97
South Africa,41-50 years,84
South Africa,51-60 years,84
South Africa,61-70 years,44
South Africa,71-80 years,30
South Africa,81+ years,1
South Korea,0-10 years,3
South Korea,11-20 years,10
South Korea,21-30 years,8
South Korea,31-40 years,6
South Korea,41-50 years,9
South Korea,51-60 years,13
South Korea,61-70 years,6
South Korea,71-80 years,1
South Korea,81+ years,14
South Soudan,0-10 years,39
South Soudan,11-20 years,89
South Soudan,21-30 years,96
South Soudan,31-40 years,57
South Soudan,41-50 years,52
South Soudan,51-60 years,23
South Soudan,61-70 years,5
South Soudan,71-80 years,4
South Soudan,81+ years,1
Spain,0-10 years,2
Spain,11-20 years,3
Spain,21-30 years,2
Spain,31-40 years,7
Spain,41-50 years,120
Spain,51-60 years,167
Spain,61-70 years,155
Spain,71-80 years,107
Spain,81+ years,42
Sri Lanka,0-10 years,9
Sri Lanka,11-20 years,4
Sri Lanka,21-30 years,3
Sri Lanka,31-40 years,3
Sri Lanka,41-50 years,6
Sri Lanka,51-60 years,13
Sri Lanka,61-70 years,14
Sri Lanka,71-80 years,13
Sri Lanka,81+ years,27
Sudan,0-10 years,14
Sudan,11-20 years,8
Sudan,21-30 years,3
Sudan,31-40 years,15
Sudan,41-50 years,26
Sudan,51-60 years,66
Sudan,61-70 years,48
Sudan,71-80 years,46
Sudan,81+ years,37
Suriname,0-10 years,23
Suriname,11-20 years,10
Suriname,21-30 years,2
Suriname,31-40 years,0
Suriname,41-50 years,2
Suriname,51-60 years,1
Suriname,61-70 years,7
Suriname,71-80 years,4
Suriname,81+ years,3
Sweden,0-10 years,3
Sweden,11-20 years,1
Sweden,21-30 years,5
Sweden,31-40 years,3
Sweden,41-50 years,5
Sweden,51-60 years,6
Sweden,61-70 years,8
Sweden,71-80 years,5
Sweden,81+ years,2
Switzerland,0-10 years,1
Switzerland,11-20 years,2
Switzerland,21-30 years,4
Switzerland,31-40 years,5
Switzerland,41-50 years,6
Switzerland,51-60 years,6
Switzerland,61-70 years,4
Switzerland,71-80 years,3
Switzerland,81+ years,1
Syria,0-10 years,2
Syria,11-20 years,2
Syria,21-30 years,3
Syria,31-40 years,3
Syria,41-50 years,2
Syria,51-60 years,3
Syria,61-70 years,3
Syria,71-80 years,9
Syria,81+ years,18
Tajikistan,0-10 years,36
Tajikistan,11-20 years,24
Tajikistan,21-30 years,17
Tajikistan,31-40 years,23
Tajikistan,41-50 years,16
Tajikistan,51-60 years,8
Tajikistan,61-70 years,4
Tajikistan,71-80 years,1
Tajikistan,81+ years,3
Tanzania,0-10 years,2
Tanzania,11-20 years,2
Tanzania,21-30 years,3
Tanzania,31-40 years,1
Tanzania,41-50 years,2
Tanzania,51-60 years,3
Tanzania,61-70 years,1
Tanzania,71-80 years,1
Tanzania,81+ years,6
Thailand,0-10 years,1
Thailand,11-20 years,1
Thailand,21-30 years,1
Thailand,31-40 years,3
Thailand,41-50 years,1
Thailand,51-60 years,4
Thailand,61-70 years,1
Thailand,71-80 years,1
Thailand,81+ years,3
Timor-Leste,0-10 years,3
Timor-Leste,11-20 years,7
Timor-Leste,21-30 years,1
Timor-Leste,31-40 years,3
Timor-Leste,41-50 years,4
Timor-Leste,51-60 years,1
Timor-Leste,61-70 years,2
Timor-Leste,71-80 years,11
Timor-Leste,81+ years,19
Togo,0-10 years,24
Togo,11-20 years,9
Togo,21-30 years,15
Togo,31-40 years,8
Togo,41-50 years,4
Togo,51-60 years,1
Togo,61-70 years,0
Togo,71-80 years,2
Togo,81+ years,2
Tonga,0-10 years,3
Tonga,11-20 years,2
Tonga,21-30 years,7
Tonga,31-40 years,6
Tonga,41-50 years,8
Tonga,51-60 years,31
Tonga,61-70 years,21
Tonga,71-80 years,17
Tonga,81+ years,20
Trinidad and Tobago,0-10 years,11
Trinidad and Tobago,11-20 years,18
Trinidad and Tobago,21-30 years,338
Trinidad and Tobago,31-40 years,619
Trinidad and Tobago,41-50 years,1648
Trinidad and Tobago,51-60 years,1462
Trinidad and Tobago,61-70 years,1110
Trinidad and Tobago,71-80 years,809
Trinidad and Tobago,81+ years,454
Tunisia,0-10 years,223
Tunisia,11-20 years,139
Tunisia,21-30 years,5
Tunisia,31-40 years,3
Tunisia,41-50 years,2
Tunisia,51-60 years,4
Tunisia,61-70 years,2
Tunisia,71-80 years,2
Tunisia,81+ years,1
Turkey,0-10 years,2
Turkey,11-20 years,7
Turkey,21-30 years,8
Turkey,31-40 years,6
Turkey,41-50 years,6
Turkey,51-60 years,8
Turkey,61-70 years,4
Turkey,71-80 years,1
Turkey,81+ years,10
Turkmenistan,0-10 years,34
Turkmenistan,11-20 years,23
Turkmenistan,21-30 years,22
Turkmenistan,31-40 years,23
Turkmenistan,41-50 years,16
Turkmenistan,51-60 years,8
Turkmenistan,61-70 years,1
Turkmenistan,71-80 years,6
Turkmenistan,81+ years,9
Tuvalu,0-10 years,30
Tuvalu,11-20 years,10
Tuvalu,21-30 years,13
Tuvalu,31-40 years,12
Tuvalu,41-50 years,9
Tuvalu,51-60 years,2
Tuvalu,61-70 years,2
Tuvalu,71-80 years,1
Tuvalu,81+ years,29
Uganda,0-10 years,36
Uganda,11-20 years,21
Uganda,21-30 years,23
Uganda,31-40 years,36
Uganda,41-50 years,22
Uganda,51-60 years,5
Uganda,61-70 years,2
Uganda,71-80 years,2
Uganda,81+ years,1
Ukraine,0-10 years,2
Ukraine,11-20 years,2
Ukraine,21-30 years,1
Ukraine,31-40 years,3
Ukraine,41-50 years,3
Ukraine,51-60 years,3
Ukraine,61-70 years,4
Ukraine,71-80 years,5
Ukraine,81+ years,10
United Arab Emirates,0-10 years,6
United Arab Emirates,11-20 years,8
United Arab Emirates,21-30 years,12
United Arab Emirates,31-40 years,10
United Arab Emirates,41-50 years,4
United Arab Emirates,51-60 years,2
United Arab Emirates,61-70 years,8
United Arab Emirates,71-80 years,9
United Arab Emirates,81+ years,6
United Kingdom,0-10 years,16
United Kingdom,11-20 years,12
United Kingdom,21-30 years,6
United Kingdom,31-40 years,2
United Kingdom,41-50 years,4
United Kingdom,51-60 years,3
United Kingdom,61-70 years,3
United Kingdom,71-80 years,6
United Kingdom,81+ years,5
United States of America,0-10 years,4
United States of America,11-20 years,2
United States of America,21-30 years,1
United States of America,31-40 years,4
United States of America,41-50 years,1
United States of America,51-60 years,3
United States of America,61-70 years,1
United States of America,71-80 years,7
United States of America,81+ years,1
Uruguay,0-10 years,1
Uruguay,11-20 years,3
Uruguay,21-30 years,11
Uruguay,31-40 years,5
Uruguay,41-50 years,13
Uruguay,51-60 years,7
Uruguay,61-70 years,7
Uruguay,71-80 years,5
Uruguay,81+ years,1
Uzbekistan,0-10 years,2
Uzbekistan,11-20 years,3
Uzbekistan,21-30 years,2
Uzbekistan,31-40 years,9
Uzbekistan,41-50 years,9
Uzbekistan,51-60 years,5
Uzbekistan,61-70 years,2
Uzbekistan,71-80 years,3
Uzbekistan,81+ years,2
Vanuatu,0-10 years,7
Vanuatu,11-20 years,14
Vanuatu,21-30 years,12
Vanuatu,31-40 years,20
Vanuatu,41-50 years,6
Vanuatu,51-60 years,6
Vanuatu,61-70 years,2
Vanuatu,71-80 years,174
Vanuatu,81+ years,224
Venezuela,0-10 years,374
Venezuela,11-20 years,420
Venezuela,21-30 years,239
Venezuela,31-40 years,164
Venezuela,41-50 years,84
Venezuela,51-60 years,30
Venezuela,61-70 years,17
Venezuela,71-80 years,1
Venezuela,81+ years,2
Vietnam,0-10 years,10
Vietnam,11-20 years,38
Vietnam,21-30 years,65
Vietnam,31-40 years,60
Vietnam,41-50 years,24
Vietnam,51-60 years,17
Vietnam,61-70 years,3
Vietnam,71-80 years,1
Vietnam,81+ years,2
Yemen,0-10 years,4
Yemen,11-20 years,6
Yemen,21-30 years,6
Yemen,31-40 years,2
Yemen,41-50 years,3
Yemen,51-60 years,4
Yemen,61-70 years,7
Yemen,71-80 years,3
Yemen,81+ years,1
Zambia,0-10 years,1
Zambia,11-20 years,5
Zambia,21-30 years,6
Zambia,31-40 years,2
Zambia,41-50 years,2
Zambia,51-60 years,7
Zambia,61-70 years,7
Zambia,71-80 years,3
Zambia,81+ years,1
Zimbabwe,0-10 years,2
Zimbabwe,11-20 years,3
Zimbabwe,21-30 years,6
Zimbabwe,31-40 years,8
Zimbabwe,41-50 years,9
Zimbabwe,51-60 years,4
Zimbabwe,61-70 years,3
Zimbabwe,71-80 years,1
Zimbabwe,81+ years,3